food;serving_size_g;calories_kcal;protein_g;fat_g;carbohydrates_g;vitamin_A_mg;vitamin_B6_mg;vitamin_B12_mg;vitamin_C_mg;vitamin_D_mg;vitamin_E_mg;calcium_mg;iron_mg;potassium_mg;magnesium_mg;selenium_mg;zinc_mg;iodine_mg;allergens
Chicken breast, raw, skinless;100;120;22.5;2.6;0;0.01;0.60;0.0003;0;0;0;12;0.4;256;27;0.027;1.0;0;none
Atlantic salmon, raw;100;208;20.4;13.4;0;0.04;0.90;0.0040;0;0.012;1.10;9;0.3;363;27;0.036;0.6;0.030;fish
Egg, chicken, whole, raw;100;143;12.6;9.5;0.7;0.16;0.12;0.0020;0;0.002;1.05;56;1.75;138;12;0.031;1.3;0.050;egg
Milk, cow, whole, raw (3.25%);100;61;3.2;3.3;4.8;0.046;0.04;0.00045;0.9;0.0001;0.03;113;0.03;150;10;0.0031;0.4;0.016;milk
Almonds, raw;100;579;21.2;49.9;21.6;0;0.14;0;0;0;25.6;269;3.7;733;270;0;3.1;0;tree nuts
Oats (groats), raw;100;389;16.9;6.9;66.3;0;0.12;0;0;0;0.50;54;4.7;429;177;0;2.9;0;none
Wheat berries (hard wheat), raw;100;339;13.2;2.5;71.2;0;0.30;0;0;0;1.50;34;3.6;431;138;0;2.7;0;wheat (gluten)
Broccoli, raw;100;34;2.8;0.4;6.6;0.031;0.19;0;89.2;0;0.78;47;0.7;316;21;0;0;0;none
Spinach, raw;100;23;2.9;0.4;3.6;0.469;0.195;0;28.1;0;2.00;99;2.7;558;79;0;0;0;none
Apple, with skin, raw;100;52;0.3;0.2;13.8;0.003;0.041;0;4.6;0;0.18;6;0.1;107;5;0;0;0;none
food;serving_size_g;calories_kcal;protein_g;fat_g;carbohydrates_g;vitamin_A_mg;vitamin_B6_mg;vitamin_B12_mg;vitamin_C_mg;vitamin_D_mg;vitamin_E_mg;calcium_mg;iron_mg;potassium_mg;magnesium_mg;selenium_mg;zinc_mg;iodine_mg;allergens
Carrot, raw;100;41;0.9;0.2;10;0.835;0.138;0;5.9;0;0.66;33;0.3;320;12;0;0.2;0;none
Tomato, raw;100;18;0.9;0.2;3.9;0.042;0.08;0;13.7;0;0.54;10;0.3;237;11;0;0.2;0;none
Potato, raw;100;77;2.0;0.1;17.5;0;0.30;0;19.7;0;0.01;11;0.8;429;23;0;0.4;0;none
Banana, raw;100;89;1.1;0.3;22.8;0.003;0.367;0;8.7;0;0.10;5;0.3;358;27;0;0.2;0;none
Orange, raw;100;47;0.9;0.1;11.8;0.011;0.06;0;53.2;0;0.18;40;0.1;181;10;0;0.1;0;none
Strawberries, raw;100;32;0.7;0.3;7.7;0.001;0.05;0;58.8;0;0.29;16;0.4;153;13;0;0.2;0;none
Blueberries, raw;100;57;0.7;0.3;14.5;0.003;0.05;0;9.7;0;0.57;6;0.3;77;6;0;0.1;0;none
Grapes, raw;100;69;0.7;0.2;18.1;0.003;0.086;0;10.8;0;0.19;10;0.4;191;7;0;0.1;0;none
Onion, raw;100;40;1.1;0.1;9.3;0;0.12;0;7.4;0;0.02;23;0.2;146;10;0;0.2;0;none
Garlic, raw;100;149;6.4;0.5;33;0;1.24;0;31.2;0;0.08;181;1.7;401;25;0;1.2;0;none
food;serving_size_g;calories_kcal;protein_g;fat_g;carbohydrates_g;vitamin_A_mg;vitamin_B6_mg;vitamin_B12_mg;vitamin_C_mg;vitamin_D_mg;vitamin_E_mg;calcium_mg;iron_mg;potassium_mg;magnesium_mg;selenium_mg;zinc_mg;iodine_mg;allergens
Cucumber, raw;100;15;0.7;0.1;3.6;0.005;0.04;0;2.8;0;0.03;16;0.3;147;13;0;0.2;0;none
Cabbage, white, raw;100;25;1.3;0.1;6;0.005;0.12;0;36.6;0;0.15;40;0.5;170;12;0;0.2;0;none
Lettuce, iceberg, raw;100;14;0.9;0.1;3;0.025;0.09;0;2.8;0;0.18;18;0.4;141;7;0;0.1;0;none
Peas, green, raw;100;81;5.4;0.4;14.5;0.038;0.17;0;40;0;0.13;25;1.5;244;33;0;1.2;0;none
Corn, sweet, raw;100;86;3.2;1.2;19;0.009;0.09;0;6.8;0;0.05;2;0.5;270;37;0;0.5;0;none
Rice, white, long-grain, raw;100;365;7.1;0.7;80;0;0.16;0;0;0;0.11;28;1.5;115;25;0;1.2;0;none (gluten-free)
Rice, brown, long-grain, raw;100;362;7.5;2.7;76;0;0.44;0;0;0;0.05;33;1.8;268;143;0;2.0;0;none (gluten-free)
Lentils, raw;100;353;25;1.1;60;0;0.54;0;4.5;0;0.49;35;7.5;677;47;0;3.3;0;none
Chickpeas, raw;100;364;19;6;61;0;0.54;0;4;0;0.35;49;6.2;875;115;0;3.4;0;none
Kidney beans, raw;100;333;24;0.8;60;0;0.40;0;4;0;0.03;143;8.2;1406;138;0;2.8;0;none
food;serving_size_g;calories_kcal;protein_g;fat_g;carbohydrates_g;vitamin_A_mg;vitamin_B6_mg;vitamin_B12_mg;vitamin_C_mg;vitamin_D_mg;vitamin_E_mg;calcium_mg;iron_mg;potassium_mg;magnesium_mg;selenium_mg;zinc_mg;iodine_mg;allergens
Beef, ground, raw, 85% lean;100;250;17.0;20.0;0;0;0.36;0.0025;0;0;0.26;18;1.9;270;20;0.018;4.8;0;none
Pork loin, raw;100;242;21.0;17.0;0;0;0.60;0.0007;0;0;0.23;19;1.0;280;22;0.034;2.4;0;none
Turkey breast, raw;100;114;23.0;1.0;0;0;0.60;0.0005;0;0;0.09;11;1.1;256;28;0.028;1.5;0;none
Lamb, leg, raw;100;206;18.0;15.0;0;0;0.35;0.0020;0;0;0.14;17;1.6;330;22;0.015;4.0;0;none
Cod, Atlantic, raw;100;82;18.0;0.7;0;0;0.18;0.0015;0;0.001;0.47;16;0.3;413;32;0.033;0.4;0.110;fish
Tuna, skipjack, raw;100;132;28.0;0.6;0;0;0.28;0.0029;0;0.001;0.22;8;1.3;252;37;0.048;0.8;0.180;fish
Shrimp, raw;100;99;24.0;0.3;0.2;0.01;0.11;0.0011;0;0.001;0.27;70;0.3;259;33;0.034;1.3;0.035;shellfish
Mussels, blue, raw;100;86;12.0;2.2;3.7;0.04;0.16;0.0120;8;0.002;0.90;26;3.4;320;34;0.044;1.6;0.140;shellfish
Tofu, firm;100;144;15.0;8.0;3.9;0;0.1;0;0;0;0.3;350;2.7;121;37;0;1.0;0;soy
Cheese, cheddar;100;403;25.0;33.0;1.3;0.27;0.07;0.001;0;0.0006;0.73;721;0.7;180;28;0.014;3.1;0.030;milk
food;serving_size_g;calories_kcal;protein_g;fat_g;carbohydrates_g;vitamin_A_mg;vitamin_B6_mg;vitamin_B12_mg;vitamin_C_mg;vitamin_D_mg;vitamin_E_mg;calcium_mg;iron_mg;potassium_mg;magnesium_mg;selenium_mg;zinc_mg;iodine_mg;allergens
Yogurt, plain, whole milk;100;61;3.5;3.3;4.7;0.019;0.06;0.0004;0.9;0.0001;0.01;121;0.1;155;11;0.002;0.6;0.016;milk
Butter, unsalted;100;717;0.9;81.1;0.1;0.249;0.00;0.0002;0;0.0015;2.32;24;0.0;24;2;0.001;0.1;0.015;milk
Olive oil, extra virgin;100;884;0;100;0;0;0;0;0;0;14.35;1;0;1;0;0;0;0;none
Sunflower seeds, raw;100;584;20.8;51.5;20;0;1.35;0;0;0;35.1;78;5.0;645;325;0;5.0;0;none
Pumpkin seeds, raw;100;559;30.2;49;10.7;0;0.14;0;1.9;0;0.29;46;8.8;809;592;0;7.8;0;none
Walnuts, raw;100;654;15.2;65.2;13.7;0.001;0.54;0;1.3;0;0.70;98;2.9;441;158;0;3.1;0;tree nuts
Hazelnuts, raw;100;628;15.0;61.0;17.0;0;0.56;0;0;0;15.0;114;4.7;680;163;0;2.5;0;tree nuts
Peanuts, raw;100;567;25.8;49.2;16.1;0;0.35;0;0;0;8.3;92;4.6;705;168;0;3.3;0;peanut
Soybeans, raw;100;446;36.5;19.9;30;0;0.38;0;6;0;0.85;277;15.7;1797;280;0;4.9;0;soy
Quinoa, raw;100;368;14.1;6.1;64.2;0;0.49;0;0;0;2.4;47;4.6;563;197;0;3.1;0;none (gluten-free)
food;serving_size_g;calories_kcal;protein_g;fat_g;carbohydrates_g;vitamin_A_mg;vitamin_B6_mg;vitamin_B12_mg;vitamin_C_mg;vitamin_D_mg;vitamin_E_mg;calcium_mg;iron_mg;potassium_mg;magnesium_mg;selenium_mg;zinc_mg;iodine_mg;allergens
Barley, pearled, raw;100;352;9.9;1.2;77.7;0;0.26;0;0;0;0.02;29;2.5;280;79;0;2.1;0;wheat (gluten)
Rye grain, raw;100;338;10.3;1.6;75.9;0;0.29;0;0;0;0.85;24;2.7;510;110;0;2.7;0;wheat (gluten)
Buckwheat, raw;100;343;13.3;3.4;71.5;0;0.21;0;0;0;0.05;18;2.2;460;231;0;2.4;0;none (gluten-free)
Millet, raw;100;378;11.0;4.2;72.9;0;0.38;0;0;0;0.05;8;3.0;195;114;0;1.6;0;none (gluten-free)
Sorghum grain, raw;100;329;11.3;3.3;72.1;0;0.44;0;0;0;0.12;13;4.4;363;165;0;1.7;0;none (gluten-free)
Amaranth grain, raw;100;371;13.6;7.0;65.2;0;0.59;0;0;0;1.5;159;7.6;508;248;0;2.9;0;none (gluten-free)
Chia seeds, raw;100;486;16.5;30.7;42.1;0;0.62;0;1.6;0;0.5;631;7.7;407;335;0;4.6;0;none
Flax seeds, raw;100;534;18.3;42.2;28.9;0;0.47;0;0.6;0;0.31;255;5.7;813;392;0;4.3;0;none
Sesame seeds, raw;100;573;17.7;49.7;23.4;0;0.79;0;0;0;0.25;975;14.6;468;351;0;7.8;0;none
Poppy seeds, raw;100;525;17.9;41.6;28.1;0;0.25;0;1.0;0;1.8;1438;9.8;719;347;0;7.9;0;none
food;serving_size_g;calories_kcal;protein_g;fat_g;carbohydrates_g;vitamin_A_mg;vitamin_B6_mg;vitamin_B12_mg;vitamin_C_mg;vitamin_D_mg;vitamin_E_mg;calcium_mg;iron_mg;potassium_mg;magnesium_mg;selenium_mg;zinc_mg;iodine_mg;allergens
Beef liver, raw;100;135;20.4;3.6;4.8;9.44;1.0;0.070;27;0;0.36;5;6.2;313;18;0.039;4.0;0;none
Pork liver, raw;100;134;21.4;3.6;3.8;8.33;0.9;0.026;25;0;0.22;9;17.9;334;18;0.045;6.0;0;none
Chicken liver, raw;100;119;16.9;4.8;0.9;3.29;0.9;0.017;17.9;0;0.70;8;9.0;230;19;0.055;3.5;0;none
Duck meat, raw;100;337;19.0;28.4;0;0.02;0.25;0.0004;0;0;0.23;11;2.7;204;19;0.018;2.1;0;none
Goose meat, raw;100;305;16.4;28.6;0;0.01;0.27;0.0003;0;0;0.25;9;2.4;240;20;0.020;1.9;0;none
Rabbit meat, raw;100;173;33.0;3.5;0;0;0.46;0.0002;0;0;0.15;17;3.2;343;29;0.030;2.4;0;none
Venison (deer), raw;100;158;22.0;3.2;0;0;0.58;0.0010;0;0;0.25;6;4.0;318;22;0.018;2.9;0;none
Horse meat, raw;100;133;21.0;5.0;0;0;0.45;0.0008;0;0;0.20;9;3.6;320;25;0.016;2.7;0;none
Duck egg, whole, raw;100;185;13.0;14.0;1.5;0.14;0.17;0.0037;0;0.002;1.34;64;3.9;222;17;0.037;1.4;0.020;egg
Quail egg, whole, raw;100;158;13.1;11.0;0.4;0.16;0.14;0.0015;0;0.001;1.08;64;3.6;132;13;0.032;1.5;0.015;egg
food;serving_size_g;calories_kcal;protein_g;fat_g;carbohydrates_g;vitamin_A_mg;vitamin_B6_mg;vitamin_B12_mg;vitamin_C_mg;vitamin_D_mg;vitamin_E_mg;calcium_mg;iron_mg;potassium_mg;magnesium_mg;selenium_mg;zinc_mg;iodine_mg;allergens
Goat milk, whole, raw;100;69;3.6;4.1;4.5;0.041;0.05;0.0001;1.3;0.0001;0.07;134;0.1;204;14;0.002;0.3;0.016;milk
Sheep milk, whole, raw;100;95;5.5;6.0;4.8;0.060;0.07;0.0004;4.0;0.0002;0.10;193;0.1;200;18;0.003;0.4;0.020;milk
Camel milk, whole, raw;100;70;3.5;3.6;4.8;0.045;0.04;0.0002;3.0;0.0001;0.08;120;0.1;150;15;0.002;0.3;0.018;milk
Cheese, mozzarella, whole milk;100;300;22.0;22.0;2.2;0.27;0.07;0.001;0;0.0005;0.65;505;0.5;95;27;0.013;2.9;0.025;milk
Cheese, feta;100;264;14.2;21.5;4.1;0.15;0.05;0.001;0;0.0002;0.25;493;0.6;62;19;0.010;2.3;0.020;milk
Cheese, parmesan;100;431;38.0;29.0;4.1;0.28;0.10;0.001;0;0.0006;0.75;1184;0.9;180;44;0.015;3.2;0.030;milk
Yogurt, low fat, plain;100;63;5.3;1.6;7.0;0.02;0.05;0.0004;0.9;0.0001;0.02;183;0.1;234;17;0.002;0.4;0.015;milk
Kefir, plain, low fat;100;41;3.3;1.0;4.7;0.02;0.06;0.0005;1.4;0.0001;0.04;120;0.1;150;12;0.002;0.3;0.016;milk
Cream, heavy (36% fat);100;340;2.0;36.0;3.0;0.09;0.02;0.0002;0;0.0004;0.68;66;0.1;105;9;0.001;0.2;0.015;milk
Ice cream, vanilla;100;207;3.5;11.0;24.0;0.04;0.03;0.0003;0;0.0002;0.30;128;0.1;199;16;0.001;0.3;0.020;milk, egg
food;serving_size_g;calories_kcal;protein_g;fat_g;carbohydrates_g;vitamin_A_mg;vitamin_B6_mg;vitamin_B12_mg;vitamin_C_mg;vitamin_D_mg;vitamin_E_mg;calcium_mg;iron_mg;potassium_mg;magnesium_mg;selenium_mg;zinc_mg;iodine_mg;allergens
Bread, white;100;266;8.0;3.3;49.0;0;0.10;0;0;0;0.20;144;3.6;115;23;0;1.1;0;wheat (gluten)
Bread, whole wheat;100;247;12.0;4.2;41.0;0;0.15;0;0;0;0.30;107;3.9;230;82;0;2.7;0;wheat (gluten)
Pasta, white, dry;100;371;13.0;1.5;75.0;0;0.15;0;0;0;0.10;21;3.3;223;50;0;1.5;0;wheat (gluten)
Pasta, whole wheat, dry;100;348;15.0;2.0;72.0;0;0.20;0;0;0;0.20;30;3.9;320;120;0;2.8;0;wheat (gluten)
Bagel, plain;100;275;10.0;1.5;56.0;0;0.14;0;0;0;0.15;160;3.6;130;28;0;1.2;0;wheat (gluten)
Croissant, butter;100;406;8.0;21.0;45.0;0.01;0.10;0;0;0;0.30;33;2.0;150;20;0;0.8;0;wheat (gluten), milk, egg
Tortilla, corn;100;218;5.7;2.9;44.0;0;0.11;0;0;0;0.05;81;1.0;220;50;0;1.0;0;none (gluten-free)
Tortilla, wheat;100;306;8.0;7.0;50.0;0;0.15;0;0;0;0.25;124;3.5;220;60;0;1.5;0;wheat (gluten)
Pizza dough, raw;100;273;9.0;3.0;50.0;0;0.10;0;0;0;0.20;110;3.0;160;30;0;1.2;0;wheat (gluten)
Crackers, plain;100;502;9.0;24.0;64.0;0;0.08;0;0;0;0.40;52;4.0;200;45;0;2.0;0;wheat (gluten)
food;serving_size_g;calories_kcal;protein_g;fat_g;carbohydrates_g;vitamin_A_mg;vitamin_B6_mg;vitamin_B12_mg;vitamin_C_mg;vitamin_D_mg;vitamin_E_mg;calcium_mg;iron_mg;potassium_mg;magnesium_mg;selenium_mg;zinc_mg;iodine_mg;allergens
Honey;100;304;0.3;0;82.4;0;0;0;0.5;0;0;6;0.4;52;2;0;0;0;none
Sugar, white;100;387;0;0;100;0;0;0;0;0;0;1;0;2;0;0;0;0;none
Sugar, brown;100;380;0.1;0;98.0;0;0;0;0;0;0;83;0.7;346;29;0;0.1;0;none
Chocolate, dark, 70-85% cocoa;100;598;7.8;42.6;45.9;0.002;0.03;0;0;0;0.80;73;11.9;715;228;0;3.3;0;milk, soy
Chocolate, milk;100;535;7.6;29.7;59.4;0.025;0.05;0;0;0;0.60;189;2.4;372;63;0;2.0;0;milk, soy
Cocoa powder, unsweetened;100;228;19.6;13.7;57.9;0;0.12;0;0;0;0.10;128;14.6;1524;499;0;6.8;0;none
Coffee, instant powder;100;247;15.0;0.5;75.0;0;0.03;0;0;0;0;141;4.1;3535;327;0;0.5;0;none
Tea, black, leaves, dry;100;325;20.0;2.0;64.0;0;0.005;0;0;0;0.10;1;18.0;2500;230;0;0.3;0;none
Wine, red;100;85;0.1;0;2.6;0;0;0;0;0;0;8;0.5;127;12;0;0.1;0;none (alcohol)
Beer, regular;100;43;0.5;0;3.6;0;0;0;0;0;0;4;0;27;6;0;0;0;none (alcohol, gluten)
food;serving_size_g;calories_kcal;protein_g;fat_g;carbohydrates_g;vitamin_A_mg;vitamin_B6_mg;vitamin_B12_mg;vitamin_C_mg;vitamin_D_mg;vitamin_E_mg;calcium_mg;iron_mg;potassium_mg;magnesium_mg;selenium_mg;zinc_mg;iodine_mg;allergens
Whiskey;100;250;0;0;0;0;0;0;0;0;0;0;0;0;0;0;0;0;alcohol
Vodka;100;231;0;0;0;0;0;0;0;0;0;0;0;0;0;0;0;0;alcohol
Gin;100;263;0;0;0;0;0;0;0;0;0;0;0;0;0;0;0;0;alcohol
Rum;100;231;0;0;0;0;0;0;0;0;0;0;0;0;0;0;0;0;alcohol
Chicken soup, homemade;100;36;2.5;1.5;3.0;0.01;0.05;0.0002;0.5;0;0.10;9;0.3;60;6;0;0.2;0;none
Vegetable soup, homemade;100;28;1.0;0.5;5.0;0.05;0.06;0;3.0;0;0.20;12;0.4;150;8;0;0.3;0;none
Beef broth, homemade;100;7;1.0;0.2;0.4;0;0.01;0.0001;0;0;0;4;0.1;20;2;0;0.1;0;none
Rice porridge, plain;100;97;2.0;0.2;21.0;0;0.05;0;0;0;0.05;10;0.3;40;8;0;0.1;0;none (gluten-free)
Oatmeal porridge, plain;100;71;2.5;1.5;12.0;0;0.07;0;0;0;0.10;80;0.7;100;27;0;0.6;0;none (may contain gluten)
Cornflakes, plain;100;357;7.5;0.4;84.0;0;0.40;0;0;0;0.10;10;8.0;90;30;0;0.7;0;none (may contain gluten)
Muesli, plain;100;356;9.0;6.0;69.0;0;0.35;0;0;0;0.50;35;3.0;340;110;0;2.1;0;none (may contain gluten, nuts)
Granola, plain;100;471;10.0;20.0;64.0;0;0.50;0;0;0;0.80;50;3.5;350;120;0;2.4;0;none (may contain gluten, nuts)
French fries, deep-fried;100;312;3.4;15.0;41.0;0;0.35;0;4.7;0;1.2;18;0.7;579;40;0;0.5;0;none
Potato chips, salted;100;536;7.0;35.0;53.0;0;0.45;0;0;0;3.5;24;1.2;1535;70;0;1.1;0;none
Popcorn, air-popped;100;387;13.0;4.5;78.0;0;0.40;0;0;0;0.30;10;3.5;300;130;0;2.0;0;none
Pizza, margherita;100;266;11.0;10.0;33.0;0.02;0.10;0;2.0;0;0.50;188;2.6;230;28;0;1.5;0;wheat (gluten), milk
Hamburger, plain;100;254;12.0;9.0;30.0;0.01;0.20;0.0002;0.5;0;0.40;70;2.5;210;25;0.011;2.2;0;wheat (gluten)
Hot dog, plain;100;290;10.0;26.0;2.0;0.01;0.25;0.0005;0;0;0.30;70;2.8;180;18;0.015;2.0;0;wheat (gluten), milk
Sandwich, ham & cheese;100;240;12.0;9.0;28.0;0.02;0.15;0.0002;0.5;0;0.40;150;2.5;220;22;0.012;2.0;0;wheat (gluten), milk
Taco, beef;100;226;11.0;12.0;18.0;0.01;0.20;0.0003;0.5;0;0.30;110;2.2;280;26;0.014;1.8;0;wheat (gluten)
food;serving_size_g;calories_kcal;protein_g;fat_g;carbohydrates_g;vitamin_A_mg;vitamin_B6_mg;vitamin_B12_mg;vitamin_C_mg;vitamin_D_mg;vitamin_E_mg;calcium_mg;iron_mg;potassium_mg;magnesium_mg;selenium_mg;zinc_mg;iodine_mg;allergens
Burrito, beef;100;238;11.0;10.0;26.0;0.01;0.22;0.0003;0.5;0;0.35;130;2.6;250;30;0.015;1.9;0;wheat (gluten), milk
Enchilada, cheese;100;205;9.0;9.0;22.0;0.02;0.15;0.0002;0.5;0;0.40;180;2.3;210;25;0.013;1.8;0;wheat (gluten), milk
Falafel, fried;100;333;13.0;17.0;31.0;0;0.35;0;1.0;0;0.20;60;3.4;585;82;0;2.5;0;none (may contain gluten, sesame)
Hummus, plain;100;166;8.0;9.6;14.0;0;0.14;0;0.5;0;0.10;41;2.4;379;71;0;1.5;0;sesame
Shawarma, chicken;100;239;17.0;14.0;8.0;0.01;0.20;0.0003;1.0;0;0.30;40;1.5;280;26;0.012;2.0;0;wheat (gluten)
Kebab, lamb;100;282;18.0;22.0;3.0;0.01;0.25;0.0004;0;0;0.25;50;2.6;290;27;0.014;2.1;0;none
Sushi, salmon;100;143;9.0;5.0;18.0;0.01;0.10;0.001;0;0.001;0.20;15;1.0;170;22;0.010;0.8;0.020;fish
Sushi, tuna;100;130;10.0;4.0;17.0;0.01;0.15;0.002;0;0.001;0.25;20;1.1;180;25;0.015;1.0;0.030;fish
Tempura, vegetables;100;175;3.5;9.0;20.0;0.02;0.10;0;2.0;0;0.30;25;1.0;190;18;0;0.6;0;wheat (gluten), egg
Ramen, instant, prepared;100;436;10.0;18.0;60.0;0.01;0.25;0;0;0;0.20;20;3.5;180;40;0;1.3;0;wheat (gluten), soy
Dumplings, pork;100;223;10.0;7.0;30.0;0.01;0.20;0.0004;1.0;0;0.25;25;2.3;190;20;0.011;1.5;0;wheat (gluten)
Spring roll, vegetable;100;154;4.0;6.0;22.0;0.02;0.10;0;3.0;0;0.30;30;1.1;160;15;0;0.5;0;wheat (gluten)
Curry, chicken;100;150;12.0;8.0;7.0;0.02;0.25;0.0003;2.0;0;0.35;40;1.6;230;20;0.012;1.7;0;none
Curry, vegetable;100;120;3.0;6.0;15.0;0.05;0.20;0;8.0;0;0.50;35;1.3;250;30;0;1.1;0;none
Pad Thai;100;220;9.0;10.0;25.0;0.01;0.20;0.0002;2.0;0;0.40;45;1.5;240;22;0;1.2;0;wheat (gluten), egg, peanut
Pho, beef;100;90;5.0;3.0;10.0;0.01;0.10;0.0002;2.0;0;0.20;30;1.2;120;15;0;1.0;0;wheat (gluten)
Kimchi;100;23;2.0;0.5;4.0;0.03;0.15;0;17.0;0;0.70;33;1.6;240;22;0;0.8;0;none
Miso soup;100;40;3.0;1.5;5.0;0.01;0.08;0;0.5;0;0.20;25;1.2;130;18;0;0.7;0;soy
Couscous, dry;100;376;12.8;0.6;77.4;0;0.15;0;0;0;0.05;24;1.1;170;44;0;1.0;0;wheat (gluten)
Tabbouleh;100;88;3.0;4.0;12.0;0.01;0.12;0;7.0;0;0.25;30;1.0;180;20;0;0.6;0;wheat (gluten)
food;serving_size_g;calories_kcal;protein_g;fat_g;carbohydrates_g;vitamin_A_mg;vitamin_B6_mg;vitamin_B12_mg;vitamin_C_mg;vitamin_D_mg;vitamin_E_mg;calcium_mg;iron_mg;potassium_mg;magnesium_mg;selenium_mg;zinc_mg;iodine_mg;allergens
Paella, seafood;100;158;8.0;6.0;18.0;0.01;0.15;0.001;1.0;0.001;0.40;25;1.5;180;20;0.020;1.1;0.030;fish, shellfish, wheat (gluten)
Risotto, mushroom;100;130;3.0;5.0;18.0;0.01;0.12;0;0.5;0;0.20;22;1.0;150;18;0;0.7;0;wheat (gluten), milk
Lasagna, meat;100;135;8.0;6.0;14.0;0.02;0.18;0.0004;1.0;0;0.30;90;1.8;190;20;0;1.3;0;wheat (gluten), milk
Macaroni and cheese;100;164;7.0;9.0;15.0;0.02;0.12;0.0002;0;0;0.40;130;1.2;160;18;0;1.1;0;wheat (gluten), milk
Spaghetti bolognese;100;130;6.0;5.0;16.0;0.01;0.15;0.0003;1.0;0;0.25;70;1.5;180;19;0;1.0;0;wheat (gluten)
Ravioli, cheese;100;220;10.0;9.0;27.0;0.02;0.14;0.0002;0.5;0;0.35;150;2.0;210;22;0;1.4;0;wheat (gluten), milk, egg
Gnocchi, potato;100;130;3.0;0.5;28.0;0;0.08;0;3.0;0;0.10;18;0.7;260;22;0;0.6;0;wheat (gluten), egg
Focaccia bread;100;249;8.0;7.0;41.0;0;0.10;0;0;0;0.30;20;2.8;150;18;0;0.8;0;wheat (gluten)
Pita bread;100;275;9.0;1.0;55.0;0;0.11;0;0;0;0.20;144;3.5;170;20;0;1.0;0;wheat (gluten)
Naan bread;100;310;10.0;6.0;54.0;0;0.12;0;0;0;0.25;120;3.8;200;22;0;1.2;0;wheat (gluten), milk
Croquette, potato;100;140;2.0;6.0;20.0;0;0.09;0;2.0;0;0.20;15;0.6;170;16;0;0.5;0;wheat (gluten), egg
Shepherd’s pie;100;140;7.0;6.0;15.0;0.01;0.15;0.0003;2.0;0;0.25;45;1.4;180;20;0;1.0;0;wheat (gluten), milk
Fish and chips;100;230;12.0;11.0;20.0;0.01;0.12;0.0015;2.0;0.001;0.30;40;1.7;250;22;0.030;1.2;0.040;fish, wheat (gluten)
Clam chowder;100;85;4.0;3.0;10.0;0.01;0.08;0.005;2.0;0.001;0.25;25;1.3;150;18;0.028;0.9;0.050;shellfish, milk
Chili con carne;100;120;8.0;5.0;12.0;0.01;0.20;0.0004;5.0;0;0.20;40;2.2;300;25;0;1.2;0;none
Stew, beef;100;105;8.0;4.0;9.0;0.01;0.18;0.0003;3.0;0;0.15;30;2.0;250;22;0;1.1;0;none
Stew, vegetable;100;70;2.0;3.0;9.0;0.02;0.15;0;8.0;0;0.25;35;1.0;270;28;0;0.7;0;none
Casserole, chicken;100;110;9.0;5.0;7.0;0.01;0.16;0.0002;2.0;0;0.20;40;1.4;230;20;0;1.0;0;none
Casserole, tuna;100;125;10.0;6.0;8.0;0.01;0.12;0.001;0;0.001;0.25;45;1.3;240;22;0.022;1.1;0.030;fish, wheat (gluten), milk
Quiche, spinach;100;140;8.0;9.0;10.0;0.04;0.15;0.0004;5.0;0.0005;0.30;100;1.7;280;26;0;1.4;0;wheat (gluten), egg, milk
food;serving_size_g;calories_kcal;protein_g;fat_g;carbohydrates_g;vitamin_A_mg;vitamin_B6_mg;vitamin_B12_mg;vitamin_C_mg;vitamin_D_mg;vitamin_E_mg;calcium_mg;iron_mg;potassium_mg;magnesium_mg;selenium_mg;zinc_mg;iodine_mg;allergens
Pancakes, plain;100;227;6.0;10.0;28.0;0.01;0.12;0;0;0;0.20;180;2.5;180;20;0;0.8;0;wheat (gluten), milk, egg
Waffles, plain;100;291;7.0;12.0;37.0;0.01;0.14;0;0;0;0.30;220;3.0;210;22;0;1.0;0;wheat (gluten), milk, egg
French toast;100;229;8.0;11.0;25.0;0.02;0.15;0.0003;0;0;0.25;100;2.7;170;18;0;1.2;0;wheat (gluten), milk, egg
Doughnut, glazed;100;452;5.0;25.0;50.0;0.01;0.10;0;0;0;0.20;40;2.0;140;15;0;0.6;0;wheat (gluten), milk, egg
Muffin, blueberry;100;333;4.5;12.0;53.0;0.01;0.08;0;1.0;0;0.15;70;1.5;120;14;0;0.5;0;wheat (gluten), milk, egg
Brownie, chocolate;100;405;4.0;22.0;52.0;0.01;0.06;0;0;0;0.20;40;2.5;210;20;0;0.9;0;wheat (gluten), milk, egg, soy
Cake, sponge;100;297;5.0;12.0;42.0;0.02;0.10;0;0;0;0.10;50;1.5;130;15;0;0.6;0;wheat (gluten), milk, egg
Cake, chocolate;100;389;5.0;17.0;56.0;0.02;0.09;0;0;0;0.25;60;2.0;190;20;0;0.8;0;wheat (gluten), milk, egg, soy
Pie, apple;100;237;2.5;11.0;34.0;0.01;0.05;0;2.0;0;0.10;20;1.0;120;10;0;0.4;0;wheat (gluten), milk, egg
Pie, pumpkin;100;243;3.0;12.0;32.0;0.08;0.06;0;4.0;0;0.15;50;1.2;180;15;0;0.5;0;wheat (gluten), milk, egg
Pie, cherry;100;260;2.5;12.0;37.0;0.01;0.04;0;3.0;0;0.10;18;1.0;140;12;0;0.3;0;wheat (gluten), milk, egg
Custard, vanilla;100;122;4.0;3.5;18.0;0.05;0.07;0.0002;0;0;0.10;120;0.4;150;12;0;0.2;0;milk, egg
Pudding, chocolate;100;130;2.5;3.0;23.0;0.01;0.05;0;0;0;0.15;110;0.4;140;10;0;0.3;0;milk
Ice pop, fruit;100;90;0.5;0.2;22.0;0.01;0.01;0;6.0;0;0.05;10;0.2;40;5;0;0;0;none
Jelly, fruit;100;250;0;0;62.0;0;0;0;0;0;0;8;0.1;20;2;0;0;0;none
Jam, strawberry;100;278;0.3;0.2;67.0;0.01;0.01;0;8.0;0;0.10;16;0.2;120;7;0;0;0;none
Honey cake;100;340;5.0;12.0;55.0;0.01;0.08;0;0;0;0.20;45;1.3;130;15;0;0.5;0;wheat (gluten), milk, egg
Marshmallows;100;318;1.0;0.1;81.0;0;0;0;0;0;0;3;0.1;5;2;0;0;0;none (may contain egg)
Candy, hard, fruit;100;394;0;0.1;98.0;0;0;0;0;0;0;4;0.2;2;1;0;0;0;none
Candy, chocolate bar;100;535;6.0;30.0;59.0;0.01;0.05;0;0;0;0.40;200;2.2;450;60;0;1.2;0;milk, soy, peanut
food;serving_size_g;calories_kcal;protein_g;fat_g;carbohydrates_g;vitamin_A_mg;vitamin_B6_mg;vitamin_B12_mg;vitamin_C_mg;vitamin_D_mg;vitamin_E_mg;calcium_mg;iron_mg;potassium_mg;magnesium_mg;selenium_mg;zinc_mg;iodine_mg;allergens
Cookies, chocolate chip;100;488;5.0;24.0;64.0;0.01;0.05;0;0;0;0.30;40;2.5;220;25;0;0.9;0;wheat (gluten), milk, egg, soy
Cookies, oatmeal;100;450;6.0;18.0;68.0;0.01;0.06;0;0;0;0.25;50;2.8;240;28;0;1.0;0;wheat (gluten), milk, egg
Cookies, sugar;100;502;4.5;24.0;72.0;0.01;0.04;0;0;0;0.20;35;1.8;210;20;0;0.7;0;wheat (gluten), milk, egg
Biscuit, plain;100;353;7.0;12.0;54.0;0.01;0.08;0;0;0;0.15;140;2.6;180;20;0;0.8;0;wheat (gluten), milk
Croissant, chocolate;100;406;7.0;21.0;45.0;0.01;0.09;0;0;0;0.25;50;2.3;160;18;0;0.7;0;wheat (gluten), milk, egg, soy
Danish pastry;100;418;5.0;22.0;50.0;0.01;0.08;0;0;0;0.30;45;2.0;150;15;0;0.6;0;wheat (gluten), milk, egg
Eclair, chocolate;100;340;6.0;19.0;38.0;0.02;0.07;0;0;0;0.20;55;1.8;140;12;0;0.5;0;wheat (gluten), milk, egg
Profiterole, cream;100;333;6.0;18.0;37.0;0.02;0.06;0;0;0;0.25;60;1.5;135;11;0;0.5;0;wheat (gluten), milk, egg
Tiramisu;100;240;5.0;15.0;25.0;0.02;0.08;0.0002;0;0;0.30;120;1.4;190;16;0;0.7;0;wheat (gluten), milk, egg
Cheesecake, plain;100;321;6.0;22.0;26.0;0.03;0.07;0.0002;0;0;0.35;60;1.0;170;15;0;0.6;0;milk, egg, wheat (gluten)
Pavlova;100;352;4.0;0.5;84.0;0.02;0.03;0.0002;0;0;0.05;20;0.3;90;8;0;0.2;0;egg, sugar
Cupcake, vanilla;100;305;4.0;12.0;48.0;0.01;0.05;0;0;0;0.20;45;1.2;120;10;0;0.4;0;wheat (gluten), milk, egg
Cupcake, chocolate;100;370;5.0;16.0;55.0;0.01;0.06;0;0;0;0.25;50;1.5;150;12;0;0.5;0;wheat (gluten), milk, egg, soy
Trifle, fruit;100;150;3.0;5.0;22.0;0.01;0.04;0.0001;1.0;0;0.10;40;0.8;120;9;0;0.3;0;milk, egg, wheat (gluten)
Panna cotta;100;291;3.0;23.0;20.0;0.02;0.03;0.0002;0;0;0.15;80;0.5;90;8;0;0.2;0;milk
Creme brulee;100;324;5.0;26.0;21.0;0.03;0.04;0.0003;0;0;0.20;90;0.7;100;9;0;0.3;0;milk, egg
Baklava;100;430;8.0;23.0;52.0;0.01;0.05;0;0;0;0.40;70;2.7;260;28;0;1.0;0;wheat (gluten), nuts
Halva, sesame;100;469;12.0;26.0;47.0;0;0.08;0;0;0;0.50;120;3.5;460;120;0;1.2;0;sesame
Nougat;100;397;3.0;11.0;74.0;0;0.02;0;0;0;0.10;50;1.0;150;15;0;0.3;0;nuts, egg
Turkish delight;100;322;0.5;0.2;80.0;0;0;0;0;0;0.05;20;0.4;60;5;0;0.1;0;none (may contain nuts)
food;serving_size_g;calories_kcal;protein_g;fat_g;carbohydrates_g;vitamin_A_mg;vitamin_B6_mg;vitamin_B12_mg;vitamin_C_mg;vitamin_D_mg;vitamin_E_mg;calcium_mg;iron_mg;potassium_mg;magnesium_mg;selenium_mg;zinc_mg;iodine_mg;allergens
Cereal bar, chocolate;100;420;6.0;15.0;68.0;0.01;0.08;0;0;0;0.30;60;2.5;250;40;0;0.8;0;wheat (gluten), milk, soy
Cereal bar, fruit;100;390;5.0;10.0;72.0;0.01;0.07;0;2.0;0;0.20;50;2.0;240;35;0;0.6;0;wheat (gluten), nuts
Energy bar, protein;100;360;25.0;12.0;40.0;0.02;0.50;0;0;0;0.40;200;4.0;450;90;0;3.0;0;milk, soy, nuts
Granola bar;100;471;8.0;20.0;65.0;0.01;0.20;0;0;0;0.30;100;3.2;380;70;0;1.5;0;wheat (gluten), nuts
Milkshake, chocolate;100;112;3.0;2.0;20.0;0.02;0.05;0.0003;0;0.0001;0.10;120;0.5;180;15;0;0.4;0;milk
Milkshake, strawberry;100;95;2.5;1.5;18.0;0.02;0.04;0.0002;3.0;0;0.08;100;0.4;170;14;0;0.3;0;milk
Smoothie, fruit;100;60;1.0;0.5;14.0;0.01;0.05;0;15.0;0;0.20;25;0.6;220;18;0;0.4;0;none
Smoothie, green;100;45;2.0;0.5;9.0;0.03;0.10;0;20.0;0;0.40;40;0.8;300;25;0;0.5;0;none
Protein shake, whey;100;390;30.0;7.0;55.0;0;0.40;0;0;0;0.20;200;3.0;450;80;0;2.0;0;milk
Sports drink;100;25;0;0;6.0;0;0;0;0;0;0;2;0;30;2;0;0;0;none
Cola, regular;100;42;0;0;11.0;0;0;0;0;0;0;2;0;3;1;0;0;0;none
Cola, diet;100;1;0;0;0.2;0;0;0;0;0;0;2;0;3;1;0;0;0;none
Orange juice;100;45;0.7;0.2;10.0;0.01;0.05;0;50.0;0;0.10;11;0.2;200;10;0;0.1;0;none
Apple juice;100;46;0.1;0.1;11.0;0;0.02;0;0.5;0;0.05;8;0.1;100;5;0;0.1;0;none
Grape juice;100;60;0.4;0.1;15.0;0;0.03;0;1.0;0;0.10;10;0.3;100;7;0;0.1;0;none
Tomato juice;100;17;0.9;0.1;3.9;0.02;0.08;0;18.0;0;0.30;10;0.5;220;11;0;0.2;0;none
Carrot juice;100;40;0.8;0.1;9.0;0.95;0.07;0;7.0;0;0.20;33;0.3;200;10;0;0.1;0;none
Beet juice;100;43;1.6;0.1;10.0;0;0.05;0;5.0;0;0.10;15;0.6;325;20;0;0.2;0;none
Cranberry juice;100;46;0.4;0.1;12.0;0;0.04;0;13.0;0;0.10;8;0.3;77;6;0;0.1;0;none
Pineapple juice;100;50;0.4;0.1;13.0;0.01;0.06;0;14.0;0;0.15;13;0.4;130;12;0;0.2;0;none
food;serving_size_g;calories_kcal;protein_g;fat_g;carbohydrates_g;vitamin_A_mg;vitamin_B6_mg;vitamin_B12_mg;vitamin_C_mg;vitamin_D_mg;vitamin_E_mg;calcium_mg;iron_mg;potassium_mg;magnesium_mg;selenium_mg;zinc_mg;iodine_mg;allergens
Mango, raw;100;60;0.8;0.4;15.0;0.05;0.12;0;36.0;0;0.90;11;0.2;168;10;0;0.1;0;none
Papaya, raw;100;43;0.5;0.3;11.0;0.05;0.04;0;61.0;0;0.30;20;0.1;182;21;0;0.1;0;none
Pineapple, raw;100;50;0.5;0.1;13.0;0.01;0.11;0;47.0;0;0.20;13;0.3;109;12;0;0.1;0;none
Kiwi, raw;100;61;1.1;0.5;15.0;0.04;0.12;0;92.7;0;1.5;34;0.3;312;17;0;0.2;0;none
Avocado, raw;100;160;2.0;15.0;9.0;0.01;0.25;0;10.0;0;2.1;12;0.6;485;29;0;0.6;0;none
Guava, raw;100;68;2.6;1.0;14.0;0.03;0.11;0;228.0;0;0.73;18;0.3;417;22;0;0.2;0;none
Passion fruit, raw;100;97;2.2;0.4;23.0;0.01;0.10;0;30.0;0;0.02;12;1.6;348;29;0;0.4;0;none
Dragon fruit, raw;100;50;1.2;0.1;11.0;0;0.04;0;3.0;0;0.10;18;0.1;140;10;0;0.1;0;none
Lychee, raw;100;66;0.8;0.4;17.0;0.01;0.10;0;71.0;0;0.30;5;0.3;171;10;0;0.1;0;none
Pomegranate, raw;100;83;1.7;1.2;19.0;0.01;0.08;0;10.0;0;0.60;10;0.3;236;12;0;0.2;0;none
Fig, raw;100;74;0.8;0.3;19.0;0;0.11;0;2.0;0;0.11;35;0.4;232;17;0;0.2;0;none
Dates, raw;100;277;1.8;0.2;75.0;0;0.09;0;0;0;0.10;39;1.0;696;54;0;0.4;0;none
Prunes, dried;100;240;2.2;0.4;64.0;0;0.21;0;0;0;0.40;43;0.9;732;41;0;0.4;0;none
Raisins, seedless;100;299;3.1;0.5;79.0;0;0.19;0;2.0;0;0.12;50;1.9;749;32;0;0.3;0;none
Apricots, dried;100;241;3.4;0.5;63.0;0.10;0.14;0;1.0;0;4.3;55;2.7;1162;32;0;0.4;0;none
Apple, dried;100;243;0.9;0.3;65.0;0;0.06;0;2.0;0;0.11;40;0.9;450;20;0;0.2;0;none
Banana, dried;100;346;3.9;1.8;88.0;0;0.37;0;8.7;0;1.0;22;1.2;1491;108;0;1.2;0;none
Mango, dried;100;319;2.5;1.2;78.0;0.05;0.21;0;43.0;0;4.8;35;1.0;980;45;0;0.4;0;none
Blueberries, dried;100;317;2.5;2.7;81.0;0;0.15;0;3.0;0;4.0;19;0.8;225;25;0;0.3;0;none
Cranberries, dried, sweetened;100;325;0.1;1.4;82.0;0;0.05;0;0.2;0;0.60;8;0.3;48;6;0;0.1;0;none
food;serving_size_g;calories_kcal;protein_g;fat_g;carbohydrates_g;vitamin_A_mg;vitamin_B6_mg;vitamin_B12_mg;vitamin_C_mg;vitamin_D_mg;vitamin_E_mg;calcium_mg;iron_mg;potassium_mg;magnesium_mg;selenium_mg;zinc_mg;iodine_mg;allergens
Almond butter;100;614;21.0;56.0;19.0;0;0.14;0;0;0;24.0;347;3.3;748;279;0;3.1;0;tree nuts
Peanut butter, smooth;100;588;25.0;50.0;20.0;0;0.37;0;0;0;9.1;43;1.9;649;168;0;2.5;0;peanut
Hazelnut spread, chocolate;100;546;6.0;31.0;57.0;0;0.07;0;0;0;7.0;114;3.6;375;100;0;1.2;0;tree nuts, milk, soy
Tahini (sesame paste);100;595;17.0;53.0;21.0;0;0.15;0;0;0;0.2;426;9.0;414;362;0;4.6;0;sesame
Sunflower seed butter;100;617;17.0;56.0;18.0;0;0.20;0;0;0;36.0;78;5.4;850;395;0;5.0;0;none
Cashew butter;100;553;18.0;44.0;30.0;0;0.15;0;0;0;0.9;45;6.0;565;270;0;5.6;0;tree nuts
Pistachio butter;100;594;21.0;47.0;28.0;0;0.18;0;0;0;2.3;110;4.0;1025;450;0;6.5;0;tree nuts
Walnut butter;100;655;15.0;62.0;14.0;0;0.20;0;0;0;0.7;98;2.9;523;158;0;3.1;0;tree nuts
Soy sauce;100;53;8.0;0.6;5.0;0;0.07;0;0;0;0.2;33;2.1;435;40;0;0.4;0;soy, wheat (gluten)
Ketchup;100;101;1.3;0.1;27.0;0.03;0.06;0;4.0;0;1.0;15;1.2;330;20;0;0.2;0;none
Mayonnaise;100;680;1.0;75.0;1.0;0;0.03;0;0;0;3.0;8;0.2;20;2;0;0.1;0;egg
Mustard, yellow;100;66;4.0;5.0;6.0;0;0.08;0;1.0;0;0.4;58;1.6;152;33;0;0.6;0;none
Vinegar, apple cider;100;21;0;0;0.9;0;0;0;0;0;0;7;0.2;73;4;0;0;0;none
Pickles, cucumber, dill;100;12;0.5;0.2;2.3;0;0.03;0;1.0;0;0.1;16;0.3;117;7;0;0.1;0;none
Sauerkraut;100;19;1.0;0.1;4.0;0;0.05;0;15.0;0;0.1;30;1.5;170;13;0;0.2;0;none
Olives, green;100;145;1.0;15.0;3.0;0;0.04;0;0;0;1.6;52;3.3;42;11;0;0.2;0;none
Olives, black;100;115;0.8;11.0;6.0;0;0.03;0;0;0;1.5;88;3.5;8;4;0;0.1;0;none
Capers;100;23;2.0;0.9;4.9;0;0.07;0;4.0;0;0.1;40;1.7;40;33;0;0.3;0;none
Relish, sweet;100;122;0.6;0.2;30.0;0;0.02;
food;serving_size_g;calories_kcal;protein_g;fat_g;carbohydrates_g;vitamin_A_mg;vitamin_B6_mg;vitamin_B12_mg;vitamin_C_mg;vitamin_D_mg;vitamin_E_mg;calcium_mg;iron_mg;potassium_mg;magnesium_mg;selenium_mg;zinc_mg;iodine_mg;allergens
Chili sauce;100;80;1.5;0.5;18.0;0.05;0.10;0;20.0;0;0.7;20;1.2;340;25;0;0.3;0;none
Soybean paste (miso);100;198;12.0;6.0;26.0;0;0.20;0;0;0;0.1;57;3.0;400;50;0;2.0;0;soy
Curry paste;100;150;2.0;7.0;20.0;0.02;0.10;0;2.0;0;0.5;40;2.5;300;40;0;0.8;0;none
Pesto sauce;100;534;8.0;50.0;12.0;0.02;0.15;0;1.0;0;4.0;250;2.5;320;60;0;1.2;0;milk, nuts
Tomato paste;100;82;4.3;0.5;19.0;0.05;0.20;0;27.0;0;0.8;38;3.9;1014;54;0;0.7;0;none
Tomato ketchup, reduced sugar;100;90;1.5;0.2;22.0;0.03;0.08;0;5.0;0;1.2;18;1.0;300;20;0;0.2;0;none
BBQ sauce;100;150;1.0;0.3;37.0;0.01;0.05;0;1.0;0;0.2;25;1.0;200;15;0;0.1;0;none
Teriyaki sauce;100;89;4.0;0.1;19.0;0;0.07;0;0;0;0.3;14;1.1;280;25;0;0.2;0;soy, wheat (gluten)
Salsa;100;36;1.5;0.2;8.0;0.02;0.10;0;13.0;0;0.7;34;1.2;270;20;0;0.2;0;none
Guacamole;100;150;2.0;13.0;9.0;0.01;0.20;0;9.0;0;2.0;20;0.6;490;29;0;0.6;0;none
Hoisin sauce;100;220;3.0;1.0;54.0;0.01;0.08;0;1.0;0;0.5;25;2.0;250;30;0;0.3;0;soy, wheat (gluten)
Sweet and sour sauce;100;150;1.0;0.1;38.0;0.01;0.05;0;2.0;0;0.2;10;0.5;200;15;0;0.1;0;none
Oyster sauce;100;51;1.5;0.2;11.0;0;0.07;0.001;1.0;0;0.2;40;1.0;110;10;0.015;0.2;0.020;shellfish, soy, wheat (gluten)
Fish sauce;100;60;10.0;0.1;5.0;0;0.10;0.001;0;0;0.1;40;2.0;200;30;0.020;0.3;0.030;fish
Wasabi paste;100;109;2.0;3.0;23.0;0;0.05;0;25.0;0;0.1;40;1.5;300;40;0;0.2;0;none
Horseradish sauce;100;140;1.5;11.0;10.0;0;0.07;0;24.0;0;0.2;30;1.2;250;20;0;0.2;0;none
Ranch dressing;100;430;1.0;44.0;6.0;0.01;0.05;0;0;0;2.0;45;0.8;60;5;0;0.2;0;milk, egg
Caesar dressing;100;480;2.0;48.0;5.0;0.01;0.07;0.001;0;0;2.5;50;1.0;70;6;0;0.3;0;milk, fish, egg
Thousand Island dressing;100;420;1.0;38.0;10.0;0.01;0.06;0;0;0;1.8;35;0.7;80;5;0;0.2;0;milk, egg
Blue cheese dressing;100;450;2.0;46.0;5.0;0.02;0.05;0.001;0;0;2.2;110;1.1;90;6;0;0.4;0;milk
food;serving_size_g;calories_kcal;protein_g;fat_g;carbohydrates_g;vitamin_A_mg;vitamin_B6_mg;vitamin_B12_mg;vitamin_C_mg;vitamin_D_mg;vitamin_E_mg;calcium_mg;iron_mg;potassium_mg;magnesium_mg;selenium_mg;zinc_mg;iodine_mg;allergens
Ketchup, spicy;100;112;1.5;0.3;26.0;0.04;0.09;0;5.0;0;1.2;20;1.0;350;25;0;0.3;0;none
Mustard, Dijon;100;66;5.0;5.0;6.0;0;0.09;0;1.0;0;0.5;64;1.6;150;32;0;0.5;0;none
Soy milk, unsweetened;100;33;3.0;1.6;1.0;0;0.07;0;0;0;0.1;25;0.6;118;25;0;0.3;0;soy
Almond milk, unsweetened;100;15;0.6;1.1;0.3;0;0.02;0;0;0;0.3;150;0.3;50;17;0;0.1;0;tree nuts
Oat milk, unsweetened;100;43;1.0;1.5;7.0;0;0.05;0;0;0;0.2;120;0.4;160;22;0;0.2;0;none (gluten cross-contact)
Coconut milk, canned;100;230;2.3;24.0;6.0;0;0.04;0;2.0;0;0.1;16;3.3;263;37;0;0.6;0;coconut
Rice milk, unsweetened;100;47;0.3;1.0;9.0;0;0.02;0;0;0;0.1;120;0.2;20;8;0;0.1;0;none
Hemp milk, unsweetened;100;21;0.9;1.8;0.3;0;0.05;0;0;0;0.2;120;0.4;110;25;0;0.2;0;none
Coconut water;100;19;0.7;0.2;3.7;0;0.05;0;2.4;0;0.1;24;0.3;250;25;0;0.2;0;none
Kombucha, plain;100;20;0.3;0.1;4.8;0;0.02;0;0.5;0;0.1;12;0.2;30;5;0;0.1;0;none
Beer, light;100;29;0.3;0;2.5;0;0;0;0;0;0;4;0.1;27;6;0;0;0;alcohol, gluten
Cider, apple;100;47;0.1;0;6.9;0;0;0;0;0;0;7;0.2;100;8;0;0.1;0;alcohol
Champagne;100;65;0.3;0;1.0;0;0;0;0;0;0;5;0.1;50;4;0;0;0;alcohol
Red wine, sweet;100;95;0.2;0;5.0;0;0;0;0;0;0;10;0.3;120;8;0;0.1;0;alcohol
White wine, dry;100;82;0.1;0;2.6;0;0;0;0;0;0;9;0.2;80;6;0;0.1;0;alcohol
Brandy;100;231;0;0;0;0;0;0;0;0;0;0;0;0;0;0;0;0;alcohol
Tequila;100;220;0;0;0;0;0;0;0;0;0;0;0;0;0;0;0;0;alcohol
Absinthe;100;300;0;0;0;0;0;0;0;0;0;0;0;0;0;0;0;0;alcohol
Liqueur, coffee;100;327;0.1;0.2;46.0;0;0;0;0;0;0;8;0.2;25;3;0;0;0;alcohol
Liqueur, orange;100;340;0.1;0.2;47.0;0;0;0;0;0;0;6;0.1;20;2;0;0;0;alcohol
food;serving_size_g;calories_kcal;protein_g;fat_g;carbohydrates_g;vitamin_A_mg;vitamin_B6_mg;vitamin_B12_mg;vitamin_C_mg;vitamin_D_mg;vitamin_E_mg;calcium_mg;iron_mg;potassium_mg;magnesium_mg;selenium_mg;zinc_mg;iodine_mg;allergens
Liqueur, cream;100;327;1.0;13.0;25.0;0;0;0;0;0;0;100;0.2;50;5;0;0.1;0;milk, alcohol
Liqueur, herbal;100;300;0;0;30.0;0;0;0;0;0;0;5;0.2;20;3;0;0;0;alcohol
Sake;100;134;0.5;0;5.0;0;0;0;0;0;0;2;0.1;10;2;0;0;0;alcohol
Soju;100;133;0;0;0;0;0;0;0;0;0;0;0;0;0;0;0;0;alcohol
Mead;100;356;0.2;0;35.0;0;0;0;0;0;0;4;0.1;20;2;0;0;0;alcohol
Coconut cream;100;330;3.0;34.0;6.0;0;0.03;0;2.0;0;0.1;11;3.3;263;37;0;0.5;0;coconut
Almond flour;100;571;21.0;50.0;21.0;0;0.14;0;0;0;24.0;264;3.7;733;270;0;3.1;0;tree nuts
Coconut flour;100;400;20.0;14.0;60.0;0;0.10;0;0;0;0.5;26;3.5;400;90;0;1.0;0;coconut
Rice flour;100;366;6.0;1.5;80.0;0;0.05;0;0;0;0.2;10;0.4;76;35;0;0.6;0;none (gluten-free)
Corn flour;100;361;7.0;3.9;76.0;0;0.10;0;0;0;0.3;6;2.5;315;127;0;1.2;0;none (gluten-free)
Wheat flour, white;100;364;10.0;1.0;76.0;0;0.08;0;0;0;0.2;15;1.2;107;22;0;0.9;0;wheat (gluten)
Wheat flour, whole grain;100;340;13.0;2.5;72.0;0;0.30;0;0;0;0.5;33;3.6;431;138;0;2.7;0;wheat (gluten)
Rye flour;100;349;11.0;2.0;75.0;0;0.25;0;0;0;0.4;24;2.7;510;110;0;2.6;0;wheat (gluten)
Barley flour;100;345;10.0;1.5;74.0;0;0.20;0;0;0;0.3;32;3.0;280;80;0;2.0;0;wheat (gluten)
Buckwheat flour;100;335;13.0;3.1;71.0;0;0.21;0;0;0;0.2;18;2.2;460;231;0;2.4;0;none (gluten-free)
Millet flour;100;382;11.0;4.3;72.0;0;0.38;0;0;0;0.3;8;3.0;195;114;0;1.5;0;none (gluten-free)
Oat flour;100;404;15.0;9.0;65.0;0;0.12;0;0;0;0.2;54;4.7;429;177;0;2.9;0;none (may contain gluten)
Quinoa flour;100;368;14.0;6.0;64.0;0;0.49;0;0;0;2.4;47;4.6;563;197;0;3.1;0;none (gluten-free)
Amaranth flour;100;371;13.0;7.0;65.0;0;0.59;0;0;0;1.5;159;7.6;508;248;0;2.9;0;none (gluten-free)
Sorghum flour;100;359;10.0;3.3;76.0;0;0.44;0;0;0;0.3;13;4.4;363;165;0;1.7;0;none (gluten-free)
food;serving_size_g;calories_kcal;protein_g;fat_g;carbohydrates_g;vitamin_A_mg;vitamin_B6_mg;vitamin_B12_mg;vitamin_C_mg;vitamin_D_mg;vitamin_E_mg;calcium_mg;iron_mg;potassium_mg;magnesium_mg;selenium_mg;zinc_mg;iodine_mg;allergens
Spelt flour;100;338;15.0;2.4;70.0;0;0.30;0;0;0;0.4;27;4.4;388;136;0;3.3;0;wheat (gluten)
Teff flour;100;367;13.0;2.4;73.0;0;0.40;0;0;0;0.3;180;7.6;427;184;0;3.6;0;none (gluten-free)
Tapioca flour;100;358;0.2;0.1;88.0;0;0.02;0;0;0;0.0;12;1.6;20;1;0;0.1;0;none (gluten-free)
Arrowroot flour;100;357;0.3;0.1;88.0;0;0.02;0;0;0;0.0;40;2.0;11;3;0;0.1;0;none (gluten-free)
Potato flour;100;357;6.9;0.3;83.0;0;0.29;0;10.0;0;0.1;55;2.8;1000;110;0;1.2;0;none (gluten-free)
Sweet potato flour;100;360;4.0;0.6;83.0;0.01;0.25;0;20.0;0;0.2;40;2.1;900;100;0;0.9;0;none (gluten-free)
Chestnut flour;100;369;6.3;3.0;79.0;0;0.23;0;25.0;0;1.2;50;3.0;710;92;0;0.8;0;tree nuts
Pea flour;100;357;21.0;1.5;65.0;0;0.50;0;2.0;0;0.4;40;6.0;1100;130;0;3.5;0;none
Lentil flour;100;352;25.0;1.0;61.0;0;0.55;0;2.0;0;0.5;35;7.5;1200;150;0;3.8;0;none
Chickpea flour;100;387;22.0;6.0;57.0;0;0.54;0;4.0;0;0.4;45;6.2;875;115;0;3.4;0;none
Soy flour;100;372;35.0;18.0;30.0;0;0.38;0;6.0;0;0.9;200;15.7;1797;280;0;4.9;0;soy
Coconut flour, defatted;100;250;20.0;8.0;60.0;0;0.12;0;0;0;0.2;50;3.0;400;90;0;1.0;0;coconut
Pumpkin seed flour;100;400;60.0;10.0;10.0;0;0.25;0;0;0;0.5;40;8.0;800;150;0;5.0;0;none
Sunflower seed flour;100;400;48.0;15.0;22.0;0;0.22;0;0;0;10.0;50;6.0;850;300;0;5.5;0;none
Flaxseed meal;100;534;18.0;42.0;29.0;0;0.47;0;0;0;0.3;255;5.7;813;392;0;4.3;0;none
Chia flour;100;486;20.0;30.0;40.0;0;0.62;0;0;0;0.5;631;7.7;407;335;0;4.6;0;none
Hemp protein powder;100;380;50.0;11.0;13.0;0;0.60;0;0;0;0.8;150;15.0;1200;700;0;12.0;0;none
Whey protein powder;100;390;80.0;7.0;5.0;0;0.40;0;0;0;0.2;500;2.0;600;120;0;4.0;0;milk
Casein protein powder;100;375;77.0;1.5;8.0;0;0.35;0;0;0;0.1;900;2.2;600;100;0;3.5;0;milk
Egg protein powder;100;380;80.0;2.0;5.0;0.1;0.20;0.001;0;0;0.1;50;1.0;800;60;0;2.0;0;egg
food;serving_size_g;calories_kcal;protein_g;fat_g;carbohydrates_g;vitamin_A_mg;vitamin_B6_mg;vitamin_B12_mg;vitamin_C_mg;vitamin_D_mg;vitamin_E_mg;calcium_mg;iron_mg;potassium_mg;magnesium_mg;selenium_mg;zinc_mg;iodine_mg;allergens
Collagen peptide powder;100;360;90.0;0;0;0;0;0;0;0;0;40;2.0;60;15;0;0.5;0;none
Pea protein powder;100;380;80.0;5.0;7.0;0;0.55;0;0;0;0.3;50;6.0;1000;100;0;3.0;0;none
Soy protein isolate;100;335;88.0;3.0;1.0;0;0.40;0;0;0;0.7;178;14.0;1800;240;0;5.0;0;soy
Rice protein powder;100;370;80.0;2.0;8.0;0;0.30;0;0;0;0.2;40;5.0;1000;120;0;3.5;0;none (gluten-free)
Pumpkin protein powder;100;370;60.0;8.0;10.0;0;0.25;0;0;0;0.5;50;7.0;900;150;0;4.0;0;none
Beef jerky;100;410;33.0;27.0;3.0;0;0.50;0.001;0;0;0.3;20;3.5;600;50;0.020;5.0;0;none
Turkey jerky;100;360;30.0;20.0;5.0;0;0.45;0.001;0;0;0.2;25;3.0;550;45;0.018;4.0;0;none
Salami;100;407;22.0;34.0;1.5;0;0.40;0.002;0;0;0.3;30;2.0;450;40;0.015;3.5;0;none
Pepperoni;100;494;23.0;44.0;1.5;0;0.35;0.001;0;0;0.4;15;1.8;360;30;0.012;3.0;0;none
Ham, cured;100;145;20.0;5.0;1.0;0;0.30;0.001;0;0;0.2;10;1.3;300;25;0.010;2.5;0;none
Bacon, raw;100;541;37.0;42.0;1.0;0;0.20;0.001;0;0;0.1;11;1.4;565;20;0.009;2.3;0;none
Sausage, pork;100;301;16.0;26.0;1.5;0;0.25;0.001;0;0;0.2;25;1.7;300;22;0.012;2.7;0;none
Sausage, chicken;100;230;18.0;17.0;1.0;0;0.22;0.001;0;0;0.2;20;1.5;280;21;0.011;2.5;0;none
Sausage, beef;100;332;14.0;30.0;1.0;0;0.20;0.002;0;0;0.2;22;2.0;310;24;0.013;2.8;0;none
Pâté, liver;100;319;14.0;28.0;2.0;3.0;0.30;0.017;0;0;0.4;30;6.0;200;18;0.025;2.2;0;none
Foie gras;100;462;12.0;43.0;2.0;7.0;0.20;0.013;0;0;0.3;9;4.0;250;20;0.020;2.0;0;none
Prosciutto;100;247;26.0;14.0;0;0;0.18;0.001;0;0;0.2;15;2.0;200;18;0.015;2.4;0;none
Mortadella;100;311;16.0;27.0;2.0;0;0.25;0.001;0;0;0.2;22;2.2;270;21;0.012;2.6;0;none
Chorizo;100;455;24.0;38.0;1.5;0;0.20;0.001;0;0;0.3;30;1.9;310;25;0.014;2.7;0;none
Kielbasa;100;301;12.0;27.0;2.0;0;0.18;0.001;0;0;0.2;28;1.8;295;23;0.013;2.5;0;none
food;serving_size_g;calories_kcal;protein_g;fat_g;carbohydrates_g;vitamin_A_mg;vitamin_B6_mg;vitamin_B12_mg;vitamin_C_mg;vitamin_D_mg;vitamin_E_mg;calcium_mg;iron_mg;potassium_mg;magnesium_mg;selenium_mg;zinc_mg;iodine_mg;allergens
Bratwurst;100;333;12.0;30.0;2.0;0;0.20;0.001;0;0;0.2;26;1.7;280;22;0.012;2.6;0;none
Frankfurter;100;290;11.0;26.0;1.5;0;0.18;0.001;0;0;0.2;24;1.6;270;20;0.011;2.4;0;none
Bologna sausage;100;310;12.0;28.0;2.0;0;0.15;0.001;0;0;0.2;22;1.5;260;21;0.010;2.3;0;none
Vienna sausage;100;301;12.0;27.0;2.0;0;0.12;0.001;0;0;0.2;20;1.4;250;19;0.009;2.2;0;none
Andouille sausage;100;310;13.0;28.0;1.5;0;0.16;0.001;0;0;0.2;21;1.5;255;20;0.010;2.3;0;none
Blood sausage;100;379;14.0;34.0;4.0;0;0.20;0.010;0;0;0.3;15;35.0;200;18;0.030;3.0;0;none
Scrapple;100;234;8.0;20.0;7.0;0;0.10;0.002;0;0;0.2;12;2.5;150;15;0.012;1.5;0;wheat (gluten)
Corned beef;100;251;18.0;19.0;0;0;0.14;0.002;0;0;0.2;8;1.9;300;22;0.015;2.8;0;none
Roast beef, deli;100;150;21.0;7.0;0;0;0.12;0.001;0;0;0.2;6;1.7;250;20;0.010;2.5;0;none
Roast turkey, deli;100;135;22.0;5.0;0;0;0.10;0.001;0;0;0.2;7;1.2;240;18;0.009;2.2;0;none
Roast chicken, deli;100;145;23.0;6.0;0;0;0.11;0.001;0;0;0.2;8;1.3;245;19;0.010;2.3;0;none
Pastrami;100;147;21.0;6.0;0;0;0.13;0.001;0;0;0.2;9;1.5;255;21;0.011;2.4;0;none
Smoked salmon;100;117;20.0;4.0;0;0;0.12;0.003;0;0.001;1.8;11;1.0;200;22;0.030;0.8;0.100;fish
Gravlax;100;162;20.0;9.0;0;0;0.11;0.003;0;0.001;1.7;12;1.1;205;23;0.028;0.9;0.090;fish
Anchovies, canned;100;210;29.0;10.0;0;0;0.15;0.008;0;0;2.0;232;4.6;544;52;0.040;3.6;0.150;fish
Sardines, canned in oil;100;208;25.0;11.0;0;0;0.13;0.008;0;0.002;2.0;382;2.9;397;39;0.045;2.9;0.120;fish
Mackerel, canned;100;262;24.0;18.0;0;0;0.16;0.010;0;0.002;1.6;250;1.6;314;32;0.038;2.1;0.110;fish
Herring, pickled;100;262;18.0;19.0;9.0;0;0.12;0.008;0;0.002;1.5;77;2.8;330;30;0.035;1.9;0.100;fish
Clams, canned;100;148;25.0;2.0;5.0;0;0.14;0.090;0;0;0.2;92;28.0;628;25;0.060;2.3;0.080;shellfish
Oysters, canned;100;199;24.0;7.0;12.0;0;0.15;0.160;0;0;1.5;226;6.7;279;37;0.070;16.6;0.120;shellfish
Octopus, raw;100;82;14.9;1.0;2.2;0;0.09;0.020;5.0;0;1.2;53;5.3;350;30;0.044;1.7;0.150;shellfish
Squid, raw;100;92;15.6;1.4;3.1;0;0.07;0.015;8.0;0;2.7;32;0.7;246;33;0.044;1.5;0.100;shellfish
Scallops, raw;100;88;16.8;0.8;3.2;0;0.07;0.012;1.5;0;0.9;10;0.4;205;22;0.040;1.3;0.080;shellfish
Lobster, raw;100;89;19.0;0.9;0;0;0.08;0.020;1.0;0;1.0;96;0.3;230;25;0.051;2.0;0.120;shellfish
Crab, raw;100;83;18.1;0.6;0;0;0.05;0.010;3.0;0;0.9;96;0.8;259;34;0.036;2.1;0.090;shellfish
Shrimp, canned;100;99;23.0;1.0;0;0;0.10;0.020;0;0;1.2;70;1.2;210;28;0.035;1.5;0.070;shellfish
Caviar, black;100;264;25.0;18.0;4.0;0.1;0.35;0.200;0;0.001;1.9;275;11.9;181;21;0.065;3.0;0.300;fish, egg
Caviar, red;100;250;24.0;17.0;4.0;0.1;0.30;0.180;0;0.001;1.7;275;11.0;180;20;0.060;2.8;0.280;fish, egg
Snails, raw;100;90;16.0;1.5;2.0;0;0.08;0.020;0;0;0.7;10;3.5;382;25;0.045;1.6;0.060;shellfish
Frog legs, raw;100;73;16.0;0.3;0;0;0.10;0.005;0;0;0.1;18;1.0;285;20;0.022;1.0;0;none
Rabbit liver, raw;100;119;16.0;4.0;2.0;3.0;0.20;0.010;0;0;0.2;10;7.0;210;18;0.028;2.2;0;none
Duck liver, raw;100;133;17.0;5.0;3.0;4.0;0.25;0.012;0;0;0.3;11;8.0;230;20;0.030;2.4;0;none
Goose liver, raw;100;136;16.0;5.5;3.0;5.0;0.28;0.014;0;0;0.4;12;9.0;240;22;0.032;2.5;0;none
Venison jerky;100;410;33.0;27.0;3.0;0;0.45;0.002;0;0;0.3;20;3.5;600;50;0.020;5.0;0;none
Elk meat, raw;100;111;22.0;2.0;0;0;0.50;0.003;0;0;0.2;10;4.0;360;25;0.018;2.7;0;none
Bison meat, raw;100;146;20.0;7.0;0;0;0.42;0.002;0;0;0.3;12;2.5;330;24;0.015;2.4;0;none
Camel meat, raw;100;120;19.0;5.0;0;0;0.40;0.001;0;0;0.2;11;2.0;320;22;0.014;2.3;0;none
Ostrich meat, raw;100;142;22.0;6.0;0;0;0.38;0.001;0;0;0.2;9;2.7;330;23;0.016;2.6;0;none
Emu meat, raw;100;148;21.0;7.0;0;0;0.36;0.001;0;0;0.2;8;2.6;325;21;0.015;2.5;0;none
Kangaroo meat, raw;100;98;21.0;1.0;0;0;0.44;0.002;0;0;0.2;13;3.0;330;26;0.017;2.8;0;none
food;serving_size_g;calories_kcal;protein_g;fat_g;carbohydrates_g;vitamin_A_mg;vitamin_B6_mg;vitamin_B12_mg;vitamin_C_mg;vitamin_D_mg;vitamin_E_mg;calcium_mg;iron_mg;potassium_mg;magnesium_mg;selenium_mg;zinc_mg;iodine_mg;allergens
Alligator meat, raw;100;143;29.0;3.0;0;0;0.35;0.001;0;0;0.2;10;3.0;320;25;0.017;2.5;0;none
Crocodile meat, raw;100;110;22.0;2.0;0;0;0.30;0.001;0;0;0.2;12;2.5;310;24;0.016;2.3;0;none
Snake meat, raw;100;93;20.0;1.5;0;0;0.28;0.001;0;0;0.1;9;2.0;300;22;0.015;2.0;0;none
Turtle meat, raw;100;89;19.0;0.8;0;0;0.25;0.001;0;0;0.1;8;1.8;295;20;0.014;1.9;0;none
Horse liver, raw;100;130;19.0;4.0;3.0;6.0;0.30;0.015;0;0;0.2;11;8.0;240;21;0.027;2.4;0;none
Yak meat, raw;100;150;21.0;6.0;0;0;0.40;0.002;0;0;0.3;14;2.8;310;23;0.016;2.6;0;none
Goat meat, raw;100;109;20.6;2.3;0;0;0.35;0.001;0;0;0.2;13;2.7;385;23;0.018;2.5;0;none
Sheep liver, raw;100;139;20.0;5.0;2.0;7.0;0.32;0.018;0;0;0.3;12;9.0;245;22;0.030;2.6;0;none
Quail meat, raw;100;123;21.8;4.5;0;0;0.34;0.001;0;0;0.2;11;2.9;300;21;0.017;2.4;0;none
Pheasant meat, raw;100;133;23.0;5.0;0;0;0.36;0.001;0;0;0.2;10;3.0;310;22;0.018;2.5;0;none
Partridge meat, raw;100;134;22.5;5.1;0;0;0.35;0.001;0;0;0.2;10;3.1;315;23;0.018;2.6;0;none
Guinea fowl meat, raw;100;135;23.0;5.2;0;0;0.34;0.001;0;0;0.2;9;3.0;320;22;0.017;2.5;0;none
Pigeon meat, raw;100;142;24.0;6.0;0;0;0.38;0.001;0;0;0.2;11;3.2;325;23;0.019;2.7;0;none
Seal meat, raw;100;144;23.0;5.0;0;0;0.40;0.003;0;0;0.3;13;3.5;330;25;0.021;2.8;0;none
Whale meat, raw;100;130;24.0;4.0;0;0;0.42;0.004;0;0;0.3;15;3.8;340;26;0.022;3.0;0;none
Moose meat, raw;100;120;22.0;3.0;0;0;0.39;0.002;0;0;0.2;12;3.2;335;24;0.019;2.6;0;none
Reindeer meat, raw;100;122;22.5;3.2;0;0;0.37;0.002;0;0;0.2;11;3.1;338;25;0.020;2.7;0;none
Antelope meat, raw;100;118;22.0;3.1;0;0;0.36;0.002;0;0;0.2;10;3.0;332;24;0.019;2.6;0;none
Caribou meat, raw;100;119;22.3;3.0;0;0;0.38;0.002;0;0;0.2;12;3.2;336;25;0.020;2.7;0;none
Wild boar meat, raw;100;122;22.4;3.2;0;0;0.37;0.002;0;0;0.2;11;3.1;334;24;0.019;2.6;0;none
food;serving_size_g;calories_kcal;protein_g;fat_g;carbohydrates_g;vitamin_A_mg;vitamin_B6_mg;vitamin_B12_mg;vitamin_C_mg;vitamin_D_mg;vitamin_E_mg;calcium_mg;iron_mg;potassium_mg;magnesium_mg;selenium_mg;zinc_mg;iodine_mg;allergens
Duck fat;100;900;0;100.0;0;0;0;0;0;0;0.1;2;0.1;1;0;0;0;0;none
Goose fat;100;900;0;100.0;0;0;0;0;0;0;0.1;3;0.1;1;0;0;0;0;none
Lard, pork fat;100;900;0;100.0;0;0;0;0;0;0;0.2;2;0.1;1;0;0;0;0;none
Beef tallow;100;900;0;100.0;0;0;0;0;0;0;0.1;1;0.1;0;0;0;0;0;none
Sheep fat;100;900;0;100.0;0;0;0;0;0;0;0.1;2;0.1;0;0;0;0;0;none
Chicken fat;100;900;0;100.0;0;0;0;0;0;0;0.1;1;0.1;0;0;0;0;0;none
Turkey fat;100;900;0;100.0;0;0;0;0;0;0;0.1;1;0.1;0;0;0;0;0;none
Goose liver pâté;100;462;12.0;43.0;2.0;7.0;0.20;0.013;0;0;0.3;9;4.0;250;20;0.020;2.0;0;milk
Duck confit;100;350;25.0;28.0;0;0;0.25;0.002;0;0;0.2;12;2.0;260;22;0.018;2.4;0;none
Rabbit stew;100;150;20.0;7.0;2.0;0;0.30;0.002;2.0;0;0.2;15;3.0;280;24;0.020;2.2;0;none
Venison steak, grilled;100;190;28.0;8.0;0;0;0.35;0.003;0;0;0.2;18;3.5;310;26;0.021;2.6;0;none
Elk steak, grilled;100;180;27.0;7.0;0;0;0.33;0.003;0;0;0.2;16;3.2;300;25;0.020;2.5;0;none
Bison steak, grilled;100;200;29.0;9.0;0;0;0.36;0.004;0;0;0.3;17;3.3;315;27;0.022;2.7;0;none
Moose steak, grilled;100;185;28.0;8.0;0;0;0.34;0.003;0;0;0.2;16;3.2;310;26;0.021;2.6;0;none
Reindeer steak, grilled;100;188;28.5;8.5;0;0;0.35;0.003;0;0;0.2;17;3.4;312;27;0.021;2.7;0;none
Wild boar steak, grilled;100;192;29.0;9.0;0;0;0.36;0.004;0;0;0.3;18;3.5;318;28;0.022;2.8;0;none
Camel steak, grilled;100;195;27.0;10.0;0;0;0.38;0.003;0;0;0.3;19;3.6;320;29;0.023;2.9;0;none
Ostrich steak, grilled;100;180;28.0;7.0;0;0;0.32;0.002;0;0;0.2;15;3.1;305;24;0.020;2.5;0;none
Kangaroo steak, grilled;100;170;30.0;5.0;0;0;0.40;0.003;0;0;0.3;20;3.7;310;25;0.021;2.7;0;none
food;serving_size_g;calories_kcal;protein_g;fat_g;carbohydrates_g;vitamin_A_mg;vitamin_B6_mg;vitamin_B12_mg;vitamin_C_mg;vitamin_D_mg;vitamin_E_mg;calcium_mg;iron_mg;potassium_mg;magnesium_mg;selenium_mg;zinc_mg;iodine_mg;allergens
Quail egg, boiled;100;158;13.0;11.0;1.2;0.16;0.14;0.0015;0;0.001;1.1;64;3.6;132;13;0.032;1.5;0.015;egg
Duck egg, boiled;100;185;13.0;14.0;1.5;0.14;0.17;0.0037;0;0.002;1.3;64;3.9;222;17;0.037;1.4;0.020;egg
Goose egg, raw;100;185;13.9;13.3;1.5;0.17;0.15;0.005;0;0.002;1.5;60;3.6;200;18;0.035;1.6;0.018;egg
Turkey egg, raw;100;171;13.1;11.9;1.0;0.15;0.16;0.004;0;0.002;1.4;62;3.7;210;19;0.034;1.5;0.017;egg
Pheasant egg, raw;100;170;12.5;12.0;1.2;0.14;0.16;0.004;0;0.002;1.3;61;3.6;205;18;0.033;1.4;0.016;egg
Ostrich egg, raw;100;155;12.0;11.0;1.5;0.13;0.15;0.003;0;0.002;1.2;59;3.5;198;17;0.032;1.3;0.015;egg
Emu egg, raw;100;160;12.8;11.5;1.3;0.15;0.16;0.004;0;0.002;1.4;63;3.8;215;19;0.034;1.5;0.017;egg
Partridge egg, raw;100;168;12.7;11.8;1.1;0.14;0.15;0.004;0;0.002;1.3;62;3.7;208;18;0.033;1.4;0.016;egg
Guinea fowl egg, raw;100;169;12.8;11.9;1.2;0.15;0.16;0.004;0;0.002;1.4;63;3.8;210;19;0.034;1.5;0.017;egg
Pigeon egg, raw;100;167;12.6;11.7;1.0;0.13;0.15;0.004;0;0.002;1.3;61;3.6;206;18;0.033;1.4;0.016;egg
Milk, cow, skim;100;34;3.4;0.1;5.0;0.03;0.05;0.0004;0;0.0001;0.1;125;0.1;150;12;0.002;0.3;0.015;milk
Milk, cow, whole;100;61;3.2;3.3;5.0;0.05;0.07;0.0005;0;0.0001;0.1;113;0.1;150;12;0.002;0.3;0.015;milk
Milk, cow, semi-skimmed;100;46;3.4;1.5;5.0;0.04;0.06;0.0005;0;0.0001;0.1;120;0.1;150;12;0.002;0.3;0.015;milk
Milk, cow, evaporated;100;135;6.8;7.6;10.0;0.08;0.09;0.001;0;0.0002;0.2;240;0.2;220;20;0.003;0.5;0.020;milk
Milk, cow, condensed, sweetened;100;321;8.0;8.7;55.0;0.09;0.10;0.001;0;0.0002;0.2;280;0.2;250;22;0.003;0.6;0.020;milk
Milk, cow, powdered, whole;100;496;26.0;27.0;38.0;0.12;0.11;0.002;0;0.0003;0.3;900;0.5;1200;85;0.004;1.2;0.030;milk
Milk, cow, powdered, skim;100;360;36.0;1.0;52.0;0.10;0.12;0.002;0;0.0003;0.3;1250;0.6;1700;110;0.004;1.5;0.035;milk
Cream, sour;100;193;2.4;20.0;4.0;0.06;0.04;0.0005;0;0.0001;0.2;110;0.1;200;15;0.002;0.4;0.020;milk
Buttermilk;100;40;3.5;1.0;4.8;0.04;0.06;0.0004;0;0.0001;0.1;116;0.1;180;13;0.002;0.3;0.018;milk
Kefir;100;41;3.3;1.0;4.7;0.02;0.06;0.0005;1.4;0.0001;0.04;120;0.1;150;12;0.002;0.3;0.016;milk
food;serving_size_g;calories_kcal;protein_g;fat_g;carbohydrates_g;vitamin_A_mg;vitamin_B6_mg;vitamin_B12_mg;vitamin_C_mg;vitamin_D_mg;vitamin_E_mg;calcium_mg;iron_mg;potassium_mg;magnesium_mg;selenium_mg;zinc_mg;iodine_mg;allergens
Yogurt, plain, whole milk;100;61;3.5;3.3;4.7;0.04;0.05;0.0004;0;0.0001;0.1;121;0.1;155;13;0.002;0.3;0.015;milk
Yogurt, plain, low-fat;100;59;5.3;0.4;7.0;0.02;0.05;0.0004;1.0;0.0001;0.1;183;0.1;234;17;0.002;0.4;0.015;milk
Yogurt, Greek, plain;100;59;10.0;0.4;3.6;0.02;0.05;0.0005;0;0.0001;0.1;110;0.1;150;11;0.002;0.5;0.018;milk
Cheese, cheddar;100;403;25.0;33.0;1.3;0.27;0.08;0.001;0;0.0006;0.7;721;0.7;180;28;0.014;3.0;0.025;milk
Cheese, Swiss;100;380;27.0;28.0;5.4;0.28;0.09;0.003;0;0.0007;0.6;890;0.2;120;30;0.020;3.1;0.030;milk
Cheese, blue;100;353;21.0;29.0;2.3;0.20;0.10;0.001;0;0.0005;0.8;528;0.3;120;23;0.015;2.5;0.022;milk
Cheese, brie;100;334;21.0;27.0;0.5;0.21;0.08;0.001;0;0.0005;0.7;184;0.5;152;20;0.012;2.3;0.020;milk
Cheese, camembert;100;300;20.0;24.0;0.5;0.20;0.07;0.001;0;0.0005;0.6;388;0.5;150;19;0.012;2.2;0.020;milk
Cheese, gouda;100;356;25.0;27.0;2.2;0.26;0.08;0.002;0;0.0006;0.7;700;0.5;120;28;0.015;3.0;0.024;milk
Cheese, havarti;100;371;25.0;31.0;1.2;0.25;0.09;0.001;0;0.0006;0.6;600;0.4;130;25;0.014;2.7;0.023;milk
Cheese, colby;100;394;23.0;32.0;2.6;0.27;0.08;0.001;0;0.0006;0.7;685;0.6;118;26;0.015;2.8;0.025;milk
Cheese, monterey jack;100;373;24.0;30.0;1.6;0.26;0.09;0.001;0;0.0006;0.6;700;0.5;115;24;0.014;2.9;0.024;milk
Cheese, provolone;100;351;26.0;27.0;2.1;0.25;0.08;0.002;0;0.0006;0.6;756;0.5;110;23;0.013;2.8;0.023;milk
Cheese, ricotta, whole milk;100;174;11.0;13.0;3.0;0.10;0.05;0.0005;0;0.0003;0.2;207;0.2;105;12;0.004;0.8;0.012;milk
Cheese, cottage, low-fat;100;98;11.0;4.0;3.4;0.07;0.06;0.0004;0;0.0002;0.1;83;0.1;104;10;0.003;0.7;0.010;milk
Cheese, mascarpone;100;429;7.0;42.0;4.0;0.15;0.04;0.0003;0;0.0002;0.5;120;0.3;100;12;0.005;0.6;0.009;milk
Cheese, cream;100;350;6.0;34.0;4.0;0.12;0.05;0.0004;0;0.0002;0.4;98;0.2;95;10;0.004;0.5;0.008;milk
Cheese, parmesan, grated;100;431;38.0;29.0;4.1;0.28;0.10;0.001;0;0.0006;0.8;1184;0.9;180;44;0.015;3.2;0.030;milk
Cheese, feta;100;264;14.0;21.0;4.1;0.15;0.05;0.001;0;0.0002;0.5;493;0.6;62;19;0.010;2.3;0.020;milk
Cheese, mozzarella, part skim;100;280;22.0;17.0;3.0;0.22;0.07;0.001;0;0.0004;0.6;731;0.6;120;25;0.012;2.6;0.022;milk
food;serving_size_g;calories_kcal;protein_g;fat_g;carbohydrates_g;vitamin_A_mg;vitamin_B6_mg;vitamin_B12_mg;vitamin_C_mg;vitamin_D_mg;vitamin_E_mg;calcium_mg;iron_mg;potassium_mg;magnesium_mg;selenium_mg;zinc_mg;iodine_mg;allergens
Cheese, gorgonzola;100;358;21.0;32.0;2.3;0.20;0.09;0.001;0;0.0005;0.7;420;0.5;110;20;0.012;2.4;0.021;milk
Cheese, asiago;100;384;27.0;31.0;2.5;0.22;0.08;0.001;0;0.0006;0.6;820;0.7;115;23;0.013;2.7;0.023;milk
Cheese, manchego;100;376;25.0;32.0;1.6;0.25;0.07;0.001;0;0.0006;0.6;740;0.6;112;21;0.012;2.5;0.022;milk
Cheese, halloumi;100;321;22.0;26.0;2.2;0.21;0.06;0.001;0;0.0005;0.5;700;0.5;110;20;0.011;2.4;0.020;milk
Cheese, paneer;100;265;18.0;20.0;3.6;0.18;0.05;0.001;0;0.0004;0.4;480;0.4;100;18;0.010;2.2;0.018;milk
Cheese, queso fresco;100;299;19.0;23.0;2.5;0.20;0.06;0.001;0;0.0005;0.5;680;0.6;108;19;0.011;2.3;0.019;milk
Cheese, roquefort;100;369;21.0;32.0;2.0;0.19;0.07;0.001;0;0.0005;0.7;500;0.5;115;22;0.012;2.5;0.021;milk
Cheese, stilton;100;380;23.0;33.0;2.3;0.21;0.08;0.001;0;0.0006;0.7;525;0.6;117;23;0.013;2.6;0.022;milk
Cheese, cotija;100;366;24.0;30.0;2.0;0.20;0.07;0.001;0;0.0005;0.6;700;0.5;110;21;0.012;2.5;0.021;milk
Cheese, taleggio;100;377;23.0;31.0;2.1;0.19;0.06;0.001;0;0.0005;0.6;520;0.5;108;20;0.011;2.4;0.020;milk
Cheese, edam;100;357;25.0;27.0;1.4;0.18;0.06;0.001;0;0.0005;0.5;730;0.6;115;22;0.012;2.6;0.022;milk
Cheese, fontina;100;389;26.0;31.0;1.5;0.20;0.07;0.001;0;0.0005;0.6;745;0.6;116;22;0.012;2.6;0.022;milk
Cheese, gruyere;100;413;30.0;32.0;0.4;0.22;0.08;0.001;0;0.0006;0.7;1011;0.7;118;24;0.013;2.7;0.023;milk
Cheese, monterey pepper jack;100;372;25.0;30.0;1.5;0.21;0.07;0.001;0;0.0006;0.6;700;0.5;115;23;0.012;2.5;0.021;milk
Cheese, colby jack;100;394;24.0;32.0;2.0;0.20;0.07;0.001;0;0.0005;0.6;680;0.5;114;22;0.012;2.5;0.021;milk
Cheese, string;100;333;23.0;25.0;3.0;0.18;0.06;0.001;0;0.0005;0.5;700;0.5;110;20;0.011;2.3;0.019;milk
Cheese, processed, American;100;371;18.0;33.0;5.6;0.20;0.08;0.001;0;0.0006;0.6;500;0.5;105;18;0.012;2.2;0.018;milk
Cheese, processed, spread;100;280;14.0;23.0;4.0;0.18;0.07;0.001;0;0.0005;0.5;450;0.4;100;17;0.011;2.1;0.017;milk
Cheese, goat, hard;100;452;30.0;35.0;2.0;0.22;0.09;0.001;0;0.0006;0.7;895;0.6;120;23;0.013;2.8;0.023;milk
Cheese, sheep, hard;100;473;32.0;36.0;1.8;0.23;0.09;0.001;0;0.0006;0.7;930;0.7;122;24;0.014;2.9;0.024;milk
